AREA,ID,MPONAME,MPO_ID,STATE,STFIPS,minx,miny,maxx,maxy,center_x,center_y
730.11,220693.0,Maui MPO,15201300,HI,15,-157.366549,20.45293,-155.926785,21.280347,-156.3398305456208,20.79369467108583
612.55,220707.0,Oahu MPO,15197500,HI,15,-178.443593,21.199238,-157.597288,28.517269,-158.0465456866328,21.4805885523282
245.81,220776.0,Anchorage Metropolitan Area Transportation Solutions,02196800,AK,02,-150.420615,60.732977,-148.462396,61.484033,-149.6914289869234,61.25217386184062
112.32,220790.0,Fairbanks Metropolitan Area Transportation System,02200300,AK,02,-148.66616,64.257176,-143.884795,65.454475,-147.5957555436452,64.82167026110935
4260.13,220804.0,San Diego Association of Governments,06197201,CA,06,-117.611081,32.528832,-116.08094,33.505025,-116.7350702377172,33.03414809685323
5522.05,220819.0,Yuma MPO,04198300,AZ,04,-114.816591,32.038607,-113.333212,33.464657,-113.9055743412858,32.76941229095655
10659.37,220848.0,Maricopa Association of Governments,04197301,AZ,04,-113.334436,32.501202,-110.448354,34.04817,-112.3853556488269,33.31829177993105
9195.2,220889.0,Pima Association of Governments,04197302,AZ,04,-113.334105,31.426075,-110.447322,32.514188,-111.7899498590588,32.09738910169793
1155.8,220941.0,Sun Corridor Metropolitan Planning Organization,04201303,AZ,04,-112.203736,32.501202,-110.448354,33.466104,-111.5724424010582,32.7609807998085
170.9,220978.0,Sierra Vista Metropolitan Planning Organization,04201302,AZ,04,-110.460917,31.332502,-109.047612,32.427652,-110.3081033701418,31.55471512092272
708.65,220992.0,Las Cruces MPO,35198201,NM,35,-107.299681,31.783148,-106.340473,33.052795,-106.7765905834399,32.30187239886935
1239.75,221008.0,El Paso MPO,48197302,TX,48,-107.299681,31.387158,-104.847563,33.390815,-106.2925360963778,31.80445708395246
528.01,221023.0,Midland-Odessa Transportation Organization,48200500,TX,48,-102.799086,31.651085,-101.775802,32.08721,-102.2631828029079,31.93347910063654
7485.15,221037.0,Metropolitan Transportation Commission,06197001,CA,06,-123.632497,36.892976,-121.208178,38.864245,-122.2371446675589,37.98320559323968
3842.6,221057.0,Shasta Regional Transportation Agency,06198100,CA,06,-123.068838,40.285375,-121.319976,41.184978,-122.040547962098,40.76377209840496
3322.74,221071.0,San Luis Obispo COG,06199200,CA,06,-121.438176,34.897475,-119.472515,35.796655,-120.4044090491637,35.38709280143007
2750.92,221100.0,Santa Barbara County Association of Governments,06196600,CA,06,-120.734382,33.411024,-118.962728,35.114678,-120.0165425767375,34.67306535177183
5150.89,221168.0,Association of Monterey Bay Area Governments,06197502,CA,06,-122.317682,35.788977,-120.213979,37.286055,-121.261385287403,36.39567199452304
1971.03,221217.0,Merced County Association of Governments,06198600,CA,06,-121.248647,36.740381,-120.052055,37.633364,-120.7180299073903,37.19259718644175
1513.95,221237.0,Stanislaus COG,06197203,CA,06,-121.486775,37.134774,-120.387329,38.077421,-120.9977573579429,37.55916575435728
1391.23,221254.0,Kings County Association of Governments,06200301,CA,06,-120.315068,35.788678,-119.474354,36.488962,-119.8155745387483,36.07537411924576
6015.57,221273.0,Council of Fresno County Goverrnments,06197202,CA,06,-121.248647,35.906914,-118.360586,37.633364,-119.6503958880408,36.7584154962902
2152.36,221292.0,Madera County Transportation Commisssion,06200302,CA,06,-120.545536,36.763047,-119.022363,37.777986,-119.7626176562308,37.21808291218976
8161.37,221309.0,Kern COG,06197002,CA,06,-120.194152,34.790609,-117.616195,35.798202,-118.7298239635237,35.34291206439806
4837.97,221329.0,Tulare County Association of Governments,06198200,CA,06,-119.573194,35.789161,-117.980761,36.744816,-118.8005256786659,36.22014694371051
1425.36,221346.0,San Joaquin COG,06196800,CA,06,-121.585078,37.481783,-120.920665,38.300252,-121.2719794902436,37.93450810688156
480.46,2685095.0,Portland Area Comprehensive Transportation System,23197500,ME,23,-70.989122,42.917126,-69.857032,44.171036,-70.36083219340404,43.70019601507259
151.85,2685389.0,Androscoggin Transportation Resource Center,23196400,ME,23,-70.866623,43.466878,-69.857032,44.487217,-70.17306670129734,44.07911503959424
84.09,2685404.0,Bangor Area Comprehensive Transportation System,23198201,ME,23,-69.355667,44.644023,-67.93976,46.395782,-68.74841513900286,44.8395523805667
407.76,2685419.0,Aguadilla MPO,72197303,PR,72,-67.323412,18.170344,-66.817133,18.568002,-67.02761671306737,18.34226360120286
1653.15,2777703.0,UZA's MPO,72197302,PR,72,-67.998751,17.831509,-65.422706,18.544146,-66.64603207185418,18.15734158580975
1335.65,2777735.0,San Juan MPO,72197301,PR,72,-66.611124,17.937895,-65.654728,18.543761,-66.12910363029376,18.26976861077157
220.33,565245.0,Missoula Metropolitan Planning Organization,30198200,MT,30,-114.797204,46.631578,-113.302758,47.600281,-114.0319282199644,46.88925424406351
100.61,565259.0,Bannock Transportation Planning Organization,16198200,ID,16,-113.243846,42.256571,-111.875428,43.111109,-112.4342329415807,42.87216374233726
162.11,565273.0,Bonneville MPO,16199200,ID,16,-112.520329,43.019284,-111.043937,43.627327,-111.9938574400365,43.51326946348553
80.33,565287.0,Great Falls Planning and Community Development Department,30197100,MT,30,-112.047781,46.818026,-110.63626,47.69873,-111.2956829116053,47.4857688566134
306.91,565301.0,Farmington MPO,35200300,NM,35,-109.046183,36.00032,-107.420915,37.000032,-108.1021222940629,36.77658897837777
3095.8,565316.0,Mid-Region COG,35197200,NM,35,-107.62651,34.259672,-105.29012,36.219799,-106.6740550313371,35.03055771089951
426.58,565330.0,Santa Fe MPO,35198202,NM,35,-106.249219,35.040015,-105.714475,36.002356,-106.0074471604585,35.610078942606
102.82,565344.0,Grand Junction / Mesa County MPO,08198200,CO,08,-109.060152,38.499983,-107.377479,39.366711,-108.5759838756885,39.09786312238536
3604.51,565359.0,Denver Regional COG,08197701,CO,08,-105.694362,39.129478,-103.573216,41.001905,-105.0175635386846,39.71641285883305
673.34,565377.0,North Front Range MPO,08198800,CO,08,-106.195438,40.00025,-103.573216,41.001905,-104.9600930123107,40.44112467207155
192.51,565392.0,Lubbock MPO,48197600,TX,48,-102.085768,33.389586,-101.556884,33.830451,-101.9069169866963,33.56274480727219
347.56,565406.0,Amarillo MPO,48197502,TX,48,-102.168848,34.747417,-101.622714,35.620198,-101.8432864392035,35.19581243287018
348.22,565420.0,Pueblo Area COG MPO and TPR,08197703,CO,08,-105.050678,37.734704,-104.053921,38.522435,-104.6690429084835,38.3119765559814
796.86,565434.0,Pikes Peak Area COG,08197702,CO,08,-105.330643,38.51944,-104.051568,39.129937,-104.6846796478911,38.88996359589735
212.53,565449.0,Cheyenne MPO,56198101,WY,56,-105.280675,40.998048,-104.052245,41.656655,-104.7954792486687,41.12304786466027
222.69,565464.0,Yellowstone County Planning Board,30196400,MT,30,-108.925372,45.460405,-107.462651,46.496043,-108.5508296403911,45.81659792089057
200.49,565478.0,Casper Area MPO,56198102,WY,56,-107.543526,42.430488,-106.070569,43.501897,-106.32528516009,42.85050835892606
477.64,565492.0,Rapid City Area MPO,46198100,SD,46,-104.055487,43.685119,-101.999981,45.039658,-103.2071148061817,44.10919791943859
386.09,565506.0,Bismarck-Mandan MPO,38198201,ND,38,-102.097205,46.284219,-100.075229,47.327696,-100.833557675454,46.84344664555903
420.63,565520.0,Laredo Urban Transportation Study,48197304,TX,48,-100.212189,27.259562,-98.798087,28.204627,-99.47718219471361,27.58961378883027
343.45,565534.0,Harlingen-San Benito MPO,48199302,TX,48,-97.862294,25.837164,-97.08934,26.413108,-97.72389151141033,26.18771829315818
993.44,565552.0,Hidalgo County MPO,48199301,TX,48,-98.586715,26.036338,-97.861674,26.783081,-98.18587261497102,26.27289913411687
278.92,565567.0,Brownsville MPO,48197305,TX,48,-97.862294,25.837164,-97.08934,26.413108,-97.45857271820107,25.99455156039902
537.68,565582.0,Corpus Christi MPO,48197303,TX,48,-98.0598,27.209271,-96.984281,28.179461,-97.39671680035569,27.77091323636764
889.96,565596.0,Victoria MPO,48198200,TX,48,-97.305916,28.485712,-96.642323,29.104046,-96.97151580898044,28.79638064589762
96.13,565610.0,San Angelo MPO,48196400,TX,48,-101.267947,31.086122,-100.111234,31.705418,-100.4544809287724,31.43886848368295
266.45,565625.0,Abilene MPO,48196900,TX,48,-100.151924,32.081203,-99.611816,32.960251,-99.74815368013782,32.44421482501359
1294.9,565639.0,Alamo Area MPO,48197700,TX,48,-98.806552,29.114435,-97.630985,30.037994,-98.51269709253329,29.45337716053283
2839.62,565653.0,Capital Area MPO,48197301,TX,48,-98.2976,29.752444,-97.155219,30.906188,-97.76881200166969,30.39435242070094
555.39,565667.0,Killeen-Temple Metropolitan Planning Organization,48197501,TX,48,-98.569645,30.752371,-97.070188,31.711019,-97.59483065857457,31.08135737612192
1061.09,565681.0,Waco MPO,48197403,TX,48,-97.60523,31.244215,-96.801123,31.863079,-97.20179996769906,31.55238699529117
9448.46,565695.0,North Central Texas COG,48197401,TX,48,-98.068545,32.052087,-95.858645,33.434057,-97.01014311646541,32.8302470194888
590.89,779770.0,Bryan-College Station MPO,48197002,TX,48,-96.601854,30.330288,-96.079969,30.973737,-96.30230747162324,30.66107614757014
8465.72,779784.0,Houston-Galveston Area Council,48197402,TX,48,-96.192208,28.764837,-94.353383,30.630284,-95.29877645783594,29.76204305114886
342.75,779799.0,Tyler Area MPO,48197404,TX,48,-95.594541,32.135399,-94.985265,32.687026,-95.2963865771324,32.33523045667766
178.26,779814.0,Longview MPO,48197504,TX,48,-94.986963,32.326583,-94.042817,32.793088,-94.74564573208612,32.50342292493151
2228.7,779828.0,South East Texas Regional Planning Commission,48197001,TX,48,-94.732732,29.506328,-93.688205,30.527125,-94.21424568207962,30.10498157327551
631.38,779846.0,Imperial Calcasieu Regional Planning & Development Commission,22198400,LA,22,-93.765851,30.038041,-92.887222,30.490523,-93.26086267970315,30.22720297344745
1363.2,779860.0,Alexandria-Pineville MPO,22197500,LA,22,-92.981464,30.88934,-92.07239,31.517594,-92.53325172136795,31.19859371263077
196.01,779875.0,Texarkana MPO,48197505,TX,48,-94.747063,33.019067,-93.665518,33.71606,-94.05325797208137,33.42748258555958
1804.88,779889.0,Northwest Louisiana COG,22196800,LA,22,-94.043352,32.195545,-93.372781,33.019543,-93.74897131273971,32.62766474957248
649.1,779903.0,Lafayette Area MPO,22197202,LA,22,-92.738604,29.358942,-91.089465,30.850038,-91.97003587333859,30.17150960069778
175.38,779917.0,Houma-Thibodaux MPO,22198200,LA,22,-91.354272,28.985911,-89.998947,29.922029,-90.72989256018047,29.62664954232741
1103.15,779931.0,Capital Regional Planning Commission,22197201,LA,22,-91.701219,30.025336,-90.47368,30.719311,-91.01598349678592,30.42926570898447
258.86,779945.0,South Tangipahoa MPO,22201300,LA,22,-90.991536,30.175067,-90.160636,31.00053,-90.49092226819855,30.54890016600218
181.61,779959.0,Ouachata Council of Governments,22197300,LA,22,-92.734057,32.258552,-91.90328,33.014489,-92.12186794465671,32.51980339524867
1328.52,779973.0,Regional Planning Commission,22196200,LA,22,-90.68885,28.855127,-88.758388,30.711995,-89.9976346420048,30.18886898230737
228.54,779989.0,Hattiesburg-Petal-Forrest-Lamar MPO,28198200,MS,28,-89.6544,30.909832,-89.137927,31.434444,-89.32608980715841,31.31619650249513
750.01,780003.0,Gulf Regional Planning Commission,28197300,MS,28,-89.690589,30.139845,-88.384431,30.736048,-89.04663746307358,30.39292630941874
678.05,780020.0,Mobile Area Transportation Study,01196401,AL,01,-88.432007,30.144425,-87.923944,31.173306,-88.1778462949647,30.68699632589406
1595.37,780036.0,Central Mississippi Planning & Development District,28197500,MS,28,-90.72863,32.047038,-89.729719,32.885553,-90.12845226298093,32.36801611379759
318.68,780050.0,Eastern Shore MPO,01201300,AL,01,-88.037309,30.146561,-87.366591,31.319017,-87.80684651307159,30.60432453909577
1198.01,780067.0,Florida-Alabama Transportation Planning Organization,12197000,FL,12,-88.037309,30.146561,-86.785692,31.319017,-87.1504487353605,30.48467065465236
1461.37,780082.0,Okaloosa-Walton Transportation Planning Organization,12198001,FL,12,-86.800554,30.21309,-85.844421,30.99698,-86.38316786931883,30.53583544827944
1351.82,780100.0,Tuscaloosa Area MPO,01197401,AL,01,-87.840711,33.003379,-87.065738,33.609833,-87.52503496527153,33.28955608964731
1007.16,780115.0,Montgomery MPO,01197501,AL,01,-86.921237,31.965065,-85.852625,32.769225,-86.28693821348215,32.40659116239861
1934.14,780129.0,Birmingham MPO,01197700,AL,01,-87.341698,33.018664,-86.340937,33.843237,-86.79793464080629,33.43310650488839
1034.26,780145.0,Bay County Transportation Planning Organization,12198002,FL,12,-85.999893,29.901033,-85.383743,30.567682,-85.63262722851714,30.23765171314164
245.36,780160.0,Southeast Wiregrass Area MPO,01198300,AL,01,-86.193476,30.992859,-84.999428,31.774364,-85.3952987983258,31.24128535577044
2462.88,780174.0,Capital Region Transportation Planning Agency,12197706,FL,12,-84.932519,29.95805,-83.604121,30.711542,-84.28603728279909,30.40687340128977
220.39,780209.0,Auburn - Opelika MPO,01197502,AL,01,-85.696955,32.40984,-85.00102,32.74653,-85.44295470827167,32.63531273774111
327.66,780224.0,Columbus-Phenix City Metropolitan Planning Organization,13196401,GA,13,-85.696955,32.061708,-84.667463,32.74653,-85.01939284858234,32.52723407711805
500.22,780238.0,Dougherty Area Regional Transportation Study,13196500,GA,13,-84.457662,31.435856,-83.922494,31.91619,-84.19695508223246,31.587687980432
825.92,780253.0,Lee County MPO,12197600,FL,12,-82.33504,26.316242,-81.56218,26.789551,-81.82187894450391,26.57746060587484
6188.53,440226.0,Sacramento Area COG,06196700,CA,06,-122.422048,38.018421,-119.877248,39.639459,-121.1585599495119,38.84242290707229
1675.45,440248.0,Butte County Association of Governments,06198000,CA,06,-122.069431,39.295621,-121.076695,40.152024,-121.6006594682334,39.66692590656547
512.11,440264.0,Tahoe MPO,32199800,NV,32,-121.484442,38.32688,-119.170544,41.997544,-120.0329326487705,39.0428987314337
246.7,440290.0,Carson Area Metropolitan Planning Organization,32200300,NV,32,-120.004297,38.41404,-118.753736,39.740385,-119.6963781289508,39.1546260026377
6489.42,440320.0,Regional Transportation Commission of Washoe County,32197900,NV,32,-120.006473,38.41404,-118.753736,41.997544,-119.661411950414,40.67552383114627
64.59,440342.0,Middle Rogue MPO,41201302,OR,41,-124.041983,41.995096,-122.281837,42.996899,-123.314827500244,42.42797492008027
261.92,440360.0,Rogue Valley MPO,41198200,OR,41,-123.231628,42.002634,-122.281837,42.996899,-122.8127716553392,42.30950687578403
37.58,440377.0,Corvallis Area MPO,41200300,OR,41,-123.816934,44.276564,-123.073132,44.721296,-123.2877524075541,44.57173517997816
124.39,440392.0,Central Lane MPO,41197300,OR,41,-124.230231,43.437142,-121.767375,44.290548,-123.0758672791545,44.06310975062181
33.72,440406.0,Albany Area Metropolitan Planning Organization,41201301,OR,41,-123.816934,44.199846,-121.733106,45.285208,-123.0888690224827,44.6281436875484
135.19,440424.0,Salem-Keizer Area Transportation Study,41198700,OR,41,-123.726073,44.683832,-121.733106,45.285208,-123.0277127735789,44.9465954389354
487.31,440438.0,Portland Area Comprehensive Transportation System,41197900,OR,41,-123.486142,44.885714,-121.651714,45.780105,-122.6606258386696,45.47738014165762
654.61,440465.0,Southwest Washington Regional Transportation Council,53199200,WA,53,-122.795963,45.543541,-122.24472,46.059632,-122.4825974449059,45.77925983136613
49.57,440480.0,Longview-Kelso-Rainier MPO,53198202,WA,53,-123.366034,45.721229,-122.239934,46.38803,-122.9392651237613,46.14412046842014
110.34,440494.0,Thurston Regional Planning Council,53198201,WA,53,-123.202066,46.762025,-122.202721,47.194211,-122.8623204112669,47.02620495378704
6384.3,440509.0,Puget Sound Regional Council,53199100,WA,53,-123.037766,46.727986,-120.906211,48.299232,-121.9026266388221,47.56113860711115
59.07,440564.0,Whatcom COG,53196600,WA,53,-123.32242,48.627013,-120.654676,49.002494,-122.4985408034527,48.78320948719198
1750.01,440578.0,Skagit MPO,53200301,WA,53,-122.768683,48.295548,-120.685392,48.657833,-121.7280288780075,48.47943681129132
46.48,440656.0,Bend MPO,41200200,OR,41,-122.002675,43.610227,-119.896365,44.393437,-121.3075678800522,44.04706038828545
35.51,440670.0,Walla Walla Valley MPO,53201300,WA,53,-119.435118,44.995887,-117.972922,46.606812,-118.3519833995559,46.0393577731917
98.78,440691.0,Yakima Valley MPO,53197402,WA,53,-121.523938,46.040098,-119.865378,47.088954,-120.5139732573727,46.60445271509151
40.98,440705.0,Wenatchee Valley Transportation Council,53200302,WA,53,-121.180713,47.220053,-118.950749,48.550725,-120.2873095115046,47.43106308442121
188.54,440719.0,Tri-Cities Metropolitan Area Transportation Study,53197100,WA,53,-119.876879,45.835962,-117.991292,46.7391,-119.2068870355969,46.24525995351556
38648.86,440734.0,Southern California Association of Governments,06197501,CA,06,-119.636302,32.618592,-114.131211,35.809236,-116.4399740820145,34.33259632346139
100.84,440776.0,Lake Havasu Metropolitan Planning Organization,04201301,AZ,04,-114.754681,34.209626,-112.528968,37.000821,-114.2897486639695,34.50879367867476
8088.86,440794.0,Regional Transportation Commission of Southern Nevada,32198300,NV,32,-118.196274,35.001857,-114.042819,39.16343,-115.0187106494766,36.2145101809069
223.2,440810.0,Dixie MPO,49200200,UT,49,-114.052885,36.999975,-112.899066,37.618289,-113.5780020608272,37.10614116945413
402.44,440824.0,Central Yavapai MPO,04200300,AZ,04,-113.334161,33.882312,-111.461299,35.531148,-112.3912503189375,34.68703933723181
529.82,440838.0,Flagstaff MPO,04199600,AZ,04,-113.354176,34.258411,-110.750671,37.003102,-111.6214151444589,35.23154103765013
239.24,1975008.0,Florence Area Transportation Study,45198200,SC,45,-80.288787,33.775357,-79.31378,34.53522,-79.7454140924081,34.1958394701918
924.4,1975022.0,Charlotte Regional Transportation Planning Organization,37197900,NC,37,-81.058029,34.814001,-80.277052,35.514868,-80.73236806003355,35.15706980863214
888.8,1975040.0,Cabarrus-Rowan MPO,37198002,NC,37,-80.788494,35.185147,-80.182682,35.863446,-80.5358526795057,35.53601637262827
616.57,1975056.0,Greater Hickory MPO,37198201,NC,37,-81.987035,35.54781,-80.923974,36.122481,-81.40078528609864,35.76232620688589
520.38,1975070.0,Winston-Salem Urban Area MPO,37197401,NC,37,-80.707837,35.504335,-80.027269,36.55063,-80.27454643374227,36.11893431744213
292.02,1975086.0,High Point Urban Area MPO,37198003,NC,37,-80.51642,35.504335,-79.532365,36.261635,-80.01761737484331,35.92253678305863
555.8,1975103.0,Greensboro Urban Area MPO,37196000,NC,37,-80.046982,35.899627,-79.532365,36.257515,-79.76445339902101,36.09285595942743
113.03,1975121.0,Blacksburg-Christiansburg-Montgomery Area MPO,51200301,VA,51,-80.614999,36.981477,-80.176398,37.366792,-80.44369820564226,37.17242915819868
228.68,1975135.0,Roanoke Valley MPO,51197402,VA,51,-80.262061,37.005876,-79.183302,37.800989,-79.97066099177647,37.28831886360612
515.96,1975149.0,Ashland Area MPO,21198800,KY,21,-83.167673,38.234685,-82.571551,38.75651,-82.84895896072101,38.48742692731202
1256.62,1975165.0,KYOVA Interstate Planning Commission,54197400,WV,54,-82.815979,37.84242,-82.047128,38.849073,-82.42459492449835,38.37396542510594
403.14,1975182.0,Clark County-Springfield Transportation Study,39196401,OH,39,-84.053736,39.768778,-83.509933,40.04019,-83.78356579838923,39.91682857082019
1132.28,1975256.0,Mid-Ohio Regional Planning Commission,39197301,OH,39,-83.260877,39.554445,-82.182823,40.443989,-82.97577944260291,40.08497931785804
967.39,1975271.0,Toledo Metropolitan Area COG,39197500,OH,39,-83.883678,41.165751,-82.995572,41.95941,-83.6356968512674,41.45478126038113
640.36,1975295.0,Licking County Area Transportation Study,39198200,OH,39,-82.842953,39.554445,-82.182823,40.276996,-82.46544511274617,40.09902480563752
499.71,1975311.0,Richland County Regional Planning Commission,39196203,OH,39,-82.727164,40.549879,-82.336895,40.995638,-82.53650474367051,40.77476172746285
267.98,1975325.0,Policy Committee of the Erie Regional Planning Commission,39200300,OH,39,-82.952936,41.063537,-81.87696,41.877845,-82.60991279024835,41.36645529046428
1260.51,1975341.0,BCKP Regional Intergovernmental Council,54197501,WV,54,-82.064562,37.967209,-81.194113,38.684134,-81.63411173720196,38.38444570066014
571.1,1975356.0,Wood-Washington-Wirt Interstate Planning Commission,54197503,WV,54,-81.853668,39.026179,-81.036791,39.645976,-81.50418314593162,39.27399018369188
365.53,1975371.0,Morgantown Monongalia MPO,54200300,WV,54,-80.42224,39.435588,-79.763773,39.72143,-80.04654365364269,39.63028860422524
580.17,1975386.0,Stark County Area Transportation Study,39196202,OH,39,-81.650048,40.635106,-81.086312,40.988717,-81.36592173373461,40.81387047232077
961.4,1975402.0,Belmont-Ohio-Marshall Transportation Study,54197502,WV,54,-81.237316,39.720812,-80.518891,40.186116,-80.84133846779089,39.9747594705791
2005.67,1975419.0,Northeast Ohio Areawide Coordinating Agency,39196800,OH,39,-82.348183,40.988196,-81.002116,42.251602,-81.68090879811577,41.37529378757885
961.22,1975437.0,Akron Metropolitan Area Transportation Study,39196201,OH,39,-82.129334,40.666664,-81.001695,41.351168,-81.36137547429091,41.1413231786772
1056.67,1975455.0,Eastgate Regional COG,39197303,OH,39,-81.086726,40.899773,-80.518705,41.501687,-80.76637280282139,41.19658380339282
590.8,1975476.0,Brook-Hancock-Jefferson Metropolitan Planning Commission,39197304,OH,39,-80.941911,40.155111,-80.517689,40.638801,-80.70425442720323,40.38803520722529
7109.79,1975492.0,Southwestern Pennsylvania Commission,42197400,PA,42,-80.519497,39.720671,-78.79899,41.173134,-79.80092439433983,40.44537624261144
681.64,1975516.0,Shenango Valley Area Transportation Study,42198202,PA,42,-80.519345,41.069804,-79.999204,41.492269,-80.25771954060859,41.3021802430237
766.71,1975533.0,Grand-Strand Area Transportation Study,45199200,SC,45,-79.680904,33.049793,-78.499301,34.299835,-79.05602054535231,33.63436130761166
437.31,1975547.0,Fayetteville Area MPO,37197402,NC,37,-79.459176,34.833377,-78.49461,35.583064,-78.93297405366474,35.08268949387728
405.1,1975561.0,Wilmington Urban Area MPO,37197800,NC,37,-78.650963,33.752878,-77.484538,34.732587,-77.91696113166047,34.25301920524179
263.12,1975575.0,Goldsboro Urban Area MPO,37198202,NC,37,-78.304662,35.146451,-77.799961,35.59777,-77.97160131734074,35.36596186846561
238.39,1673491.0,Shoals Area MPO,01197402,AL,01,-88.202959,34.56623,-87.210759,35.008028,-87.62848254125245,34.78581621815609
219.28,1673505.0,North Central Alabama Regional Council of Govts,01198200,AL,01,-87.531024,34.299096,-86.54975,34.999024,-86.97197458947053,34.53823445693259
316.0,1673520.0,Gadsden-Etowah MPO,01196402,AL,01,-86.370152,33.55593,-85.529432,34.200756,-85.99344067578535,33.99637360048443
944.98,1673534.0,Huntsville MPO,01197601,AL,01,-87.278636,34.475633,-86.255771,34.999024,-86.58920010064443,34.75963812065125
233.28,1673549.0,Clarksville Urbanized Area MPO,47197802,TN,47,-87.733368,36.312442,-87.113244,37.159346,-87.35104128531745,36.55978708331779
476.01,1673563.0,Owensboro-Daviess County MPO,21197402,KY,21,-87.408547,37.560803,-86.8171,37.930244,-87.08725858054929,37.73182270345986
2899.29,1673579.0,Nashville Area MPO,47197701,TN,47,-87.354349,35.408175,-86.014849,36.652443,-86.57033490926915,36.09860766957421
547.48,1673594.0,Bowling Green-Warren County MPO,21200202,KY,21,-86.674462,36.776187,-86.113512,37.190708,-86.42386373623087,36.99356101210799
812.19,1673608.0,Radcliff-Elizabethtown MPO,21200201,KY,21,-86.490854,37.440308,-85.676072,38.19884,-85.99894120056821,37.74644821323103
289.87,1673623.0,Calhoun Area Metropolitan Planning Organization,01197602,AL,01,-86.50359,33.102944,-85.529432,33.96846,-85.83101704394431,33.6845259903763
518.58,1673637.0,Floyd-Rome Urban Transportation Study,13198302,GA,13,-85.462207,34.079133,-85.005235,34.587483,-85.21428533792836,34.26317117455024
290.72,1673709.0,Greater Dalton MPO,13200302,GA,13,-85.265114,34.615719,-84.810477,34.988243,-84.96726407962947,34.80556908079717
799.4,1673724.0,CHCNGTPO,47197703,TN,47,-85.605165,34.581799,-84.810477,35.459232,-85.17459258040732,35.10656448880256
443.63,1673739.0,Cartersville-Bartow Metropolitan Planning Organization,13201300,GA,13,-85.047074,34.075296,-84.644293,34.413061,-84.84842728203699,34.2451224298615
4570.28,1673853.0,Atlanta Regional Commission,13197100,GA,13,-85.05031,33.17862,-83.505928,34.413061,-84.37070183461469,33.78722561672746
55.44,1673915.0,Cleveland Area MPO,47200302,TN,47,-85.026737,34.987569,-84.697033,35.357871,-84.85688994254801,35.17971569617311
661.05,1673930.0,Knoxville Regional Transportation Planning Organization,47197801,TN,47,-84.584472,35.460729,-83.250695,36.186479,-83.94824574864575,35.95085507991919
1093.93,1673944.0,Evansville MPO,18198600,IN,18,-88.097892,37.638376,-87.017423,38.246123,-87.46814033699074,37.95157622521562
410.08,1673960.0,"West Central Indiana Economic Development District, Inc.",18197502,IN,18,-87.621176,39.258969,-87.199012,39.608259,-87.39000804590353,39.43062328446318
79.13,1673974.0,Bloomington/Monroe County Metropolitan Planning Organization,18198201,IN,18,-86.685758,38.990699,-86.31738,39.355702,-86.54794628706513,39.16717529580605
1336.56,1673988.0,Indianapolis MPO,18197800,IN,18,-86.69586,39.338291,-85.576192,40.218937,-86.14966922391763,39.78805115401968
134.28,1674005.0,Danville Area Transportation Study,17200301,IL,17,-87.942103,39.868384,-87.526366,40.491237,-87.64402214336079,40.10733004776136
99.4,1674020.0,Kankakee County Regional Planning Commission,17198300,IL,17,-88.251995,40.99456,-87.526205,41.298052,-87.85731598878463,41.15319045075444
1523.41,1674034.0,Northwest Indiana Regional Planning Commission,18197501,IN,18,-87.526757,41.162186,-86.486263,41.761368,-87.04097636923754,41.47962164664914
502.52,1674053.0,Area Plan Commission of Tippecanoe County,18197601,IN,18,-87.095357,40.214365,-86.694597,40.562959,-86.89407155136264,40.38864231488407
109.78,1674068.0,Kokomo & Howard County Governmental Coordinating Council,18198202,IN,18,-86.375762,40.373635,-85.862117,40.565525,-86.12721015427577,40.48365930129913
337.9,1674082.0,Southwest Michigan Planning Commission,26197402,MI,26,-87.207774,41.759064,-85.760117,42.243541,-86.33632537884625,41.92506541539929
927.48,1674100.0,Michiana Area COG,18197401,IN,18,-86.526682,41.432792,-85.653461,41.760697,-86.07270884728688,41.60696654693736
1418.88,1674118.0,Louisville Area MPO,21197300,KY,21,-86.033161,37.805866,-85.283082,38.606741,-85.67647053421148,38.26179553802309
467.56,1674133.0,Columbus Area MPO,18200300,IN,18,-86.251684,39.035896,-85.62907,39.699068,-85.90272117312462,39.22929139459912
459.69,1674148.0,Lexington Area MPO,21197401,KY,21,-84.724676,37.72855,-84.282629,38.211449,-84.5049872320017,37.97779057075374
580.32,1420159.0,St. Lucie Transportation Planning Organization,12198203,FL,12,-80.68,27.205584,-80.138049,27.558714,-80.48313735211023,27.37647864660753
175.06,1420203.0,Indian River County MPO,12199302,FL,12,-80.881566,27.556737,-80.263543,27.861362,-80.45019032372207,27.68947705496455
105.6,1420267.0,Valdosta-Lowndes MPO,13200303,GA,13,-83.484766,30.623967,-82.969798,31.476045,-83.25587655492753,30.89925023165695
188.3,1420281.0,Gainesville MTPO,12197806,FL,12,-82.658554,29.417057,-82.049052,29.945254,-82.36240868050683,29.67275364863919
413.12,1420295.0,Warner Robins Area Transportation Study,13198200,GA,13,-84.018168,32.282583,-83.482459,32.692815,-83.67242624204339,32.47182054811317
327.73,1420310.0,Macon Area Transportation Study,13196402,GA,13,-83.89205,32.660643,-83.357685,33.185837,-83.67816072387009,32.83315822936037
770.78,1420325.0,Augusta Regional Transportation Study,13197000,GA,13,-82.442846,33.198148,-81.187238,33.976914,-81.97234781237349,33.45624688035955
2681.22,1420340.0,North Florida Transportation Planning Organization,12197802,FL,12,-82.050331,29.622432,-81.150817,30.829924,-81.69608396913466,30.21979868990903
456.36,1420434.0,Brunswick Area Transportation Study,13199100,GA,13,-81.782493,30.990644,-81.182564,31.453016,-81.54220454086114,31.23362179198839
590.34,1420483.0,Hinesville Area MPO,13200304,GA,13,-81.981621,31.520981,-81.049789,32.092551,-81.51269271321037,31.82449279233249
482.4,1420497.0,Coastal Region MPO,13198301,GA,13,-81.391698,31.705198,-80.751429,32.237591,-81.13387201435924,32.00764960721311
694.88,1420520.0,Lowcountry Area Transportation Study,45201300,SC,45,-81.28127,32.033454,-80.305711,32.753058,-80.85164243531821,32.256899987645
856.14,1420540.0,Charleston Area Transportation Study,45197700,SC,45,-80.791968,32.482565,-79.26183,33.507172,-80.03311850951499,32.86834236437113
153.06,1420554.0,Wichita Falls MPO,48197503,TX,48,-98.953938,33.39542,-98.420666,34.212497,-98.53162956457668,33.92598560017441
64.43,1420568.0,Lawton MPO,40197300,OK,40,-98.826295,34.405948,-98.088978,34.855673,-98.41596765806681,34.5950495293046
320.22,1420582.0,Sherman-Denison MPO,48198000,TX,48,-96.945126,33.397826,-96.379452,33.959579,-96.60366842212933,33.65920650540545
2093.51,1420602.0,Association of Central Oklahoma Governments,40196500,OK,40,-98.313476,34.681119,-96.930544,36.164777,-97.46644459264098,35.40841328390751
1067.2,1420616.0,Wichita Area MPO,20197600,KS,20,-97.808358,36.998546,-96.522782,38.087704,-97.4435686447713,37.68040213206101
189.17,1420630.0,Flint Hills Metropolitan Planning Organization,20201300,KS,20,-96.963688,38.869704,-96.034612,39.566587,-96.71194025118535,39.12995400766508
118.87,1420644.0,Grand Island Area Metropolitan Planning Organization,31201300,NE,31,-98.721975,40.698284,-97.598185,41.395153,-98.39865810254548,40.91399611405172
845.66,1420658.0,Lincoln Area MPO,31197300,NE,31,-96.91393,40.523013,-96.463618,41.046116,-96.6877658836396,40.78409148177189
543.5,1420672.0,Frontier MPO,05197300,AR,05,-95.132558,34.506459,-93.892246,35.764636,-94.40684565584829,35.35765639723219
1443.99,1420686.0,Indian Nations COG,40197400,OK,40,-97.064489,35.638712,-95.207918,36.999414,-95.91171902879253,36.13985078568281
109.68,1420701.0,Joplin Area Transportation Study Organization,29198200,MO,29,-94.618668,36.747818,-94.052313,37.364173,-94.50288592504911,37.08737828576325
327.18,1420715.0,Tri-Lakes MPO,05200301,AR,05,-93.408124,34.149622,-92.668711,34.773493,-93.10015375796776,34.51420693954398
1602.65,1420729.0,Metroplan,05197400,AR,05,-93.075278,34.410912,-91.632772,35.368395,-92.33390161979554,34.801289416285
1835.9,1420743.0,Northwest Arkansas Regional Planning Commission,05198200,AR,05,-94.617919,35.750426,-93.815565,36.499749,-94.2351778022984,36.15259491451551
423.17,1420757.0,Ozarks Transportation Organization,29197101,MO,29,-93.625844,36.809178,-92.902922,37.427424,-93.27100798692236,37.17308690941597
286.78,1420771.0,Topeka-Shawnee County Metropolitan Planning Commission,20197200,KS,20,-96.03906,38.868867,-95.500236,39.216958,-95.69462452641798,39.04086723525021
474.09,1420785.0,Lawrence-Douglas County Metropolitan Planning Office,20198200,KS,20,-95.5019,38.738272,-95.055848,39.069783,-95.29244346287051,38.88451887598529
784.97,464532.0,Mountainland Association of Governments,49197400,UT,49,-112.214178,39.776246,-110.857647,40.577913,-111.8378821452678,40.19536813885633
1776.97,464732.0,Wasatch Front Regional Council,49197300,UT,49,-112.493515,40.414169,-111.420381,41.433875,-112.0294996810269,40.88972082490905
118.14,464931.0,Cache MPO,49199200,UT,49,-112.166108,41.368818,-111.401576,41.999552,-111.8519544046054,41.73567085736726
705.96,464946.0,Community Planning Association of Southwest Idaho,16197700,ID,16,-117.032578,43.112238,-115.974239,43.880237,-116.3308671525973,43.59816398980129
43.48,464960.0,Lewis-Clark Valley MPO,16200302,WA,16,-117.480141,45.855206,-116.360194,46.630813,-117.0044951026588,46.39244081224619
1775.57,464974.0,Spokane Regional Transportation Council,53197401,WA,53,-117.823695,47.259272,-117.039791,48.047865,-117.4040229142581,47.62064120496083
1311.92,464989.0,Kootenai MPO,16200301,WA,16,-117.042657,47.36592,-116.322779,47.991628,-116.7000315509757,47.67455482119565
1663.87,984984.0,Ocala - Marion County Tranportation Planning Organization,12198100,FL,12,-82.535916,28.959778,-81.638696,29.521678,-82.05649836894781,29.20850814312528
2073.82,985066.0,Collier MPO,12198202,FL,12,-81.905501,25.769452,-80.872748,26.517069,-81.34451734812085,26.11290194890949
2014.63,985085.0,Miami-Dade MPO,12197701,FL,12,-82.987477,24.396308,-80.042754,25.979434,-80.56533139750016,25.61226181958202
1224.08,985103.0,Broward MPO,12197702,FL,12,-80.881233,25.95675,-80.015276,26.355547,-80.48802067302634,26.15238012166715
1979.81,985131.0,Palm Beach MPO,12197801,FL,12,-80.886232,26.320755,-79.974306,26.970943,-80.43251321640624,26.62307149731044
1357.98,1248524.0,River to Sea Transporation Planning Organization MPA,12197705,FL,12,-81.680903,28.612662,-80.663461,29.671087,-81.18419396147444,29.089160999142
717.26,798361.0,Charlotte County - Punta Gorda MPO,12199201,FL,12,-82.437327,26.769552,-81.562196,27.340702,-81.89969813597607,26.90604630175434
290.73,798470.0,Pinellas County MPO,12197803,FL,12,-82.908909,27.610273,-82.540618,28.173346,-82.72221134557385,27.92628700441958
1110.88,798535.0,Hillsborough County MPO,12197704,FL,12,-82.823669,27.57055,-82.054012,28.173379,-82.31603469473677,27.92975986461728
766.96,798624.0,Pasco County MPO,12198201,FL,12,-82.908311,28.171034,-82.054694,28.478837,-82.39198742950026,28.3092383635685
2013.1,1192704.0,Polk County Transportation Planning Organization,12197805,FL,12,-82.106236,27.643238,-81.131044,28.361868,-81.69774924477513,27.94887994158725
545.21,1181560.0,Martin County MPO,12199301,FL,12,-80.885639,26.956623,-80.022754,27.263831,-80.38657967647188,27.08498376567079
1732.51,914867.0,Lake-Sumter MPO,12200300,FL,12,-82.311697,28.305265,-81.349643,29.276766,-81.83456411940291,28.7415371403958
1335.62,807402.0,Sarasota-Manatee MPO,12197804,FL,12,-82.823029,26.945255,-82.054349,27.64668,-82.30932855814545,27.3458068266499
1119.86,885054.0,Hernando County MPO,12199202,FL,12,-82.848248,28.43329,-82.054469,29.052565,-82.44790141091409,28.72023281683925
2859.13,1213055.0,METROPLAN Orlando,12197703,FL,12,-81.658598,27.64199,-80.861395,28.879227,-81.2214953806656,28.30121048352267
1067.16,1218811.0,Space Coast Transportation Planning Organization,12198300,FL,12,-80.98725,27.822058,-80.385069,28.791396,-80.74297281648228,28.26378503643519
2684.56,1826479.0,Southeastern Wisconsin Regional Planning Commission,55196100,WI,55,-88.778877,42.49172,-87.019863,43.543532,-88.22389565063374,42.95206594230313
63.93,1826495.0,Oshkosh MPO,55197302,WI,55,-88.886758,43.892977,-88.403195,44.244386,-88.56858020645248,44.00862678664613
81.56,1826510.0,Fond du Lac Area MPO,55200200,WI,55,-88.886052,43.542844,-88.159892,43.9382,-88.42613564416079,43.78162136262341
261.05,1826524.0,Wausau Metropolitan Planning Organization,55198300,WI,55,-90.316982,44.681235,-89.223328,45.120608,-89.6273552606669,44.90344152502457
241.88,1826538.0,Appleton/Fox Cities MPO,55197301,WI,55,-88.886758,43.891511,-88.041696,44.590644,-88.40655081155289,44.25741004865599
610.94,1826553.0,Duluth-Superior Metropolitan Interstate Council,27197500,MN,27,-93.097666,46.156926,-91.549349,48.631493,-92.13675505009807,46.77398219045847
108.06,1826567.0,Sheboygan MPO,55198202,WI,55,-88.162274,43.541433,-87.075335,43.895155,-87.7907406523296,43.75681307370692
212.24,1826582.0,Macatawa Area Coordinating Council,26199100,MI,26,-87.107669,42.415413,-85.543013,43.205978,-86.08872423347928,42.81264679866879
656.92,1826599.0,West Michigan Shoreline Regional Development Commission,26197302,MI,26,-87.147166,42.765202,-85.782067,43.473689,-86.14844363225419,43.24012224112217
190.0,1826618.0,Green Bay MPO,55197400,WI,55,-88.252562,44.24038,-87.758048,44.679813,-88.05063371163919,44.50328923091212
579.26,1826632.0,Kalamazoo Area Transportation Study,26197900,MI,26,-85.766066,42.069327,-85.293623,42.421522,-85.53115946329466,42.24544061887522
168.55,1826649.0,Battle Creek Area Transportation Study,26197403,MI,26,-85.299557,42.070366,-84.709556,42.422188,-85.1801520079952,42.31880086027681
1009.72,1826667.0,Grand Valley Metropolitan Council,26199000,MI,26,-87.107669,42.765202,-85.309626,43.294405,-85.59319520372414,43.01631170736294
722.61,1826687.0,Region 2 Planning Commission,26196800,MI,26,-84.718632,42.070337,-84.130771,42.424867,-84.4233346367828,42.24847377880578
1711.63,1826703.0,Tri-County Regional Planning Commission,26197301,MI,26,-85.075585,42.421428,-84.140601,43.118851,-84.60695583524704,42.71332785268558
814.45,1826719.0,Saginaw Metropolitan Area Transportation Study,26196500,MI,26,-84.369977,43.128452,-83.695205,43.568899,-84.05317227856499,43.33500124686628
562.03,1826748.0,Midland Area Transportation Study,26201300,MI,26,-84.608106,43.466006,-83.698816,43.997061,-84.3707081422266,43.64462318961133
200.97,1826770.0,Bay City Area Transportation Study,26197404,MI,26,-84.168127,43.478623,-83.698816,43.997061,-83.93017647218191,43.63934443500773
242.83,1826792.0,Madison Athens-Clarke Oconee Regional Transportation Study,13196900,GA,13,-83.647031,33.698307,-82.976294,34.27353,-83.37489092422258,33.95743051636691
429.29,1826812.0,Gainesville-Hall MPO,13200301,GA,13,-84.062841,34.098281,-83.615251,34.514096,-83.81969937513193,34.31682631227439
176.45,1826827.0,Anderson Area Transportation Study,45199300,SC,45,-82.992232,34.208862,-82.313996,34.819475,-82.64582295038055,34.50613210120162
776.62,1826841.0,Greenville-Pickens Area Transportation Study,45196200,SC,45,-82.992232,34.203148,-81.64354,35.21554,-82.40145805307039,34.83390884608559
963.51,1826856.0,French Broad River MPO,37197000,NC,37,-83.257552,35.144434,-82.169018,35.824096,-82.59295106828718,35.47627662395757
422.85,1826871.0,Spartanburg Area Transportation Study,45197500,SC,45,-82.226573,34.580175,-81.711566,35.196044,-81.98250413736044,34.96165017813585
226.21,1826886.0,Lakeway MPO,47200301,TN,47,-83.71029,35.895846,-83.081726,36.345292,-83.33080398881882,36.18180931773544
234.34,1826900.0,Johnson City Metropolitan Transportation Planning Organization,47198201,TN,47,-82.702566,35.953901,-81.826641,36.616213,-82.33954925839753,36.33669664959465
281.28,1826919.0,Kingsport MPO,47197704,TN,47,-83.288896,36.096205,-81.826641,36.885606,-82.57206235969026,36.52887778475273
265.65,1826935.0,Bristol MPO,47198203,TN,47,-82.702279,36.392104,-81.605335,36.929013,-82.20437239520577,36.55034058583885
1116.57,1826954.0,Columbia Area Transportation Study,45197000,SC,45,-81.571899,33.466006,-80.283965,34.614765,-81.07738446770826,34.01519659359015
280.46,1826968.0,Rock Hill-Fort Mill Area Transportation Study,45198300,SC,45,-81.492385,34.820332,-80.865039,35.164891,-81.01972454073355,34.9500346413214
266.63,1826984.0,Gaston Urban Area MPO,37197403,NC,37,-81.456505,35.147978,-80.922882,35.419616,-81.13656678428983,35.26994589394583
186.54,1827000.0,Sumter Urban Area Transportation Study,45199100,SC,45,-80.646714,33.643911,-79.893377,34.168696,-80.4053518561349,33.93170305156042
4608.3,2339981.0,Southeast Michigan COG,26197401,MI,26,-84.158189,41.723546,-82.334073,43.170413,-83.36780593838715,42.49911003300062
648.18,2340035.0,Genesee County Metropolitan Planning Commission,26196300,MI,26,-83.932071,42.780821,-83.453297,43.223131,-83.70675730818475,43.02169528867345
808.41,2340052.0,Erie MPO,42196406,PA,42,-80.519851,41.84904,-79.610648,42.516072,-80.03273597463483,41.99267369628421
1576.16,2340066.0,Greater Buffalo-Niagara Regional Transportation Council,36197401,NY,36,-79.312136,42.437997,-78.460416,43.634799,-78.735509750633,42.91029553370976
1088.67,2340085.0,Genesee Transportation Council,36197700,NY,36,-78.061062,42.471216,-76.702324,43.684275,-77.6045308530075,43.08115213008465
410.14,2340099.0,Elmira-Chemung Transportation Council,36197500,NY,36,-76.966109,42.000149,-76.535782,42.294423,-76.76004243790888,42.14125539885195
490.81,2340114.0,Ithaca-Tompkins County Transportation Council,36199200,NY,36,-76.696655,42.262976,-76.237695,42.627419,-76.47367091386643,42.45202106216532
685.76,2340132.0,Binghamton Metropolitan Transportation Study,36197402,NY,36,-76.563589,41.99779,-75.359579,42.415702,-76.04934009088584,42.11720558548961
820.45,2340147.0,Syracuse Metropolitan Transportation Council,36196500,NY,36,-76.644712,42.723844,-75.239541,43.707018,-76.19244312035615,43.0100269276125
125.0,2340162.0,Watertown-Jefferson County Transportation Council,36201400,NY,36,-76.734725,43.668143,-75.446124,44.403263,-75.84245514293183,44.00907477225098
1738.21,2340185.0,South Jersey Transportation Planning Organization,34199300,NJ,34,-75.563586,38.788657,-74.232062,39.787791,-74.95301233840173,39.41567688096003
3811.12,2340209.0,Delaware Valley Regional Planning Commission,42196501,PA,42,-76.136672,39.514802,-74.38979,40.60858,-75.15929855868151,40.02726228330516
736.4,2340229.0,Lehigh Valley Transportation Study,42196401,PA,42,-75.997348,40.418451,-75.050839,41.134023,-75.44763759636031,40.68853121876984
2619.42,1710184.0,Cincinnati-Northern Kentucky MPO,39197400,OH,39,-85.132508,38.770414,-83.977005,39.591024,-84.48128610858785,39.18834704531854
1300.96,1710330.0,Miami Valley Regional Planning Commission,39197302,OH,39,-84.485653,39.255068,-83.64661,40.200004,-84.14345472458432,39.82693316014948
507.42,1710541.0,Madison County COG,18196900,IN,18,-85.954013,39.697136,-85.214386,40.379799,-85.72069327095868,40.13879756916309
212.01,1710558.0,Delaware-Muncie Metropolitan Plan Commission,18197602,IN,18,-85.578919,40.004142,-84.803672,40.379524,-85.38308891527659,40.19700554776946
369.76,1710574.0,Northeastern Indiana Regional Coordinating Council,18197402,IN,18,-85.686574,40.653129,-84.802922,41.295373,-85.14961374824915,41.08866893199242
409.77,1710588.0,Lima-Allen County Regional Planning Commission,39196402,OH,39,-84.803257,40.354534,-83.420319,41.168537,-84.10587683134251,40.77166753734987
325.09,1710602.0,Corridor Metropolitan Planning Organization,19196400,IA,19,-91.835262,41.423178,-91.363263,42.299063,-91.65361550031477,41.98656304524236
201.24,1710616.0,East Central Intergovernmental Association,19197400,IA,19,-91.156893,42.193909,-89.919644,43.211574,-90.70690648590855,42.49048945931824
296.16,1710630.0,La Crosse Area Planning Committee,55196700,WI,55,-92.079491,43.500437,-90.910054,44.193153,-91.21329724045185,43.87571173508381
178.62,1710644.0,Chippewa-Eau Claire MPO,55198201,WI,55,-91.666419,44.595854,-90.921492,45.292221,-91.43854925328292,44.8567735388446
342.61,1710658.0,Madison Area Transportation Planning Board,55197100,WI,55,-89.838575,42.845064,-89.008729,43.294198,-89.37210832144275,43.07050526763683
321.76,1710672.0,Rockford Metropolitan Agency for Planning,17196401,IL,17,-89.401423,42.150273,-88.705186,42.500563,-89.00688250024008,42.29876695586847
79.16,1710688.0,DeKalb Sycamore Area Transportation Study,17200302,IL,17,-88.942292,41.628319,-88.588308,42.153596,-88.72213614429477,41.95225184626609
106.26,1710702.0,State Line Area Transportation Study,55197499,WI,55,-89.401423,42.150273,-88.776299,42.847576,-89.02293055908676,42.52028203588106
128.53,1710719.0,Janesville Area MPO,55198203,WI,55,-89.369227,42.491912,-88.776299,42.847576,-88.99057708124693,42.70664753206014
3845.86,1541231.0,Mid-America Regional Council,29197401,MO,29,-95.187963,38.388718,-94.064317,39.533347,-94.63926939987873,38.96069681143871
236.02,1541278.0,St. Joseph Area Transportation Study Organization,29197102,MO,29,-95.339959,39.530372,-94.601138,40.130096,-94.81165186604137,39.7857514525906
771.72,1541293.0,Metropolitan Area Planning Agency,31197400,NE,31,-96.47072,40.994308,-95.154614,41.50696,-96.05249694335232,41.23109581377904
181.04,1541307.0,Columbia Area Transportation Study Organization,29197402,MO,29,-92.570245,38.643167,-92.104374,39.248795,-92.33159507918455,38.96273138801041
499.08,1541321.0,Des Moines Area MPO,19198300,IA,19,-94.280792,41.156535,-93.327886,41.863728,-93.66920275888232,41.61126557324023
320.34,1541335.0,South Eastern COG,46197300,SD,46,-97.129509,43.083333,-96.436472,43.849507,-96.72625874708463,43.54367795036843
571.76,1541349.0,Fargo-Moorhead Metropolitan COG,38197200,ND,38,-97.706179,46.628654,-96.17227,47.239978,-96.80403693689964,46.8910832137309
113.21,1541363.0,Grand Forks-East Grand Forks MPO,38198202,ND,38,-97.903751,47.498625,-95.553289,48.195102,-97.05843820216796,47.90959697565537
222.27,1541378.0,Sioux City MPO,19196600,IA,19,-96.806543,42.211261,-95.669141,43.08387,-96.406061526296,42.48092102242698
36.32,1541392.0,Ames Area MPO,19200300,IA,19,-93.698767,41.862572,-93.231443,42.209397,-93.6252435232191,42.02673920759813
172.04,1541406.0,Black Hawk Metropolitan Area Transportation Policy Board,19197300,IA,19,-92.554655,42.297001,-92.064096,42.642373,-92.37018843764699,42.49230991790606
657.21,1541420.0,Rochester-Olmsted COG,27197200,MN,27,-93.041195,43.50044,-91.730192,44.714345,-92.40243553013725,44.00419162440186
131.04,1541434.0,Mankato / North Mankato Area Planning Organization,27201300,MN,27,-94.786706,43.847779,-93.767735,44.456946,-94.00185315327347,44.17921561473184
362.51,1541448.0,St. Cloud Area Planning Organization,27197000,MN,27,-95.139856,45.245683,-93.509779,45.824252,-94.22356317259006,45.57988577252247
2970.33,1541462.0,Metropolitan Council,27197300,MN,27,-94.012497,44.471149,-92.73189,45.414798,-93.30372004371425,44.91824283972306
241.16,1541476.0,Southeast Arkansas Regional Planning Commission,05196400,AR,05,-92.233376,34.062312,-91.431476,34.492765,-92.05607435888595,34.20524459532316
121.08,1541491.0,West Memphis Area Transportation Study,05198300,AR,05,-90.506475,34.83297,-90.064612,35.441763,-90.19639815643474,35.17716351380163
244.38,1541585.0,Jonesboro Area Transportation Study,05200302,AR,05,-91.036967,35.699914,-90.286707,35.99641,-90.68269907476898,35.81394454933396
1513.46,1541599.0,Memphis Urban Area MPO,47197702,TN,47,-90.313476,34.494788,-89.183944,35.409483,-89.88342321814145,35.06806408130692
558.6,1541693.0,Jackson Urban Area MPO,47198202,TN,47,-89.078876,35.427451,-88.603296,35.797356,-88.83848888668076,35.60815579133373
116.88,1541707.0,Southeast Metropolitan Planning Organization (SEMPO),29201300,MO,29,-89.8668,36.859517,-89.132915,37.606461,-89.6014340472732,37.33849950871226
175.02,1541721.0,Southern Illinois Metropolitan Planning Organization,17201300,IL,17,-89.680919,37.561925,-88.706741,37.95531,-89.11540097060929,37.74655048948743
193.71,1541735.0,Capital Area MPO,29200300,MO,29,-92.495185,38.322713,-91.633998,39.064493,-92.16920118290894,38.59052553135724
4585.61,1541749.0,East-West Gateway Council of Government,29197300,MO,29,-91.369228,38.003499,-89.595103,39.000052,-90.42629037464874,38.53205944048843
92.61,1541763.0,Johnson County COG,19198000,IA,19,-91.834185,41.423178,-91.365897,41.862091,-91.57991411543353,41.69427389015053
374.4,1541777.0,Bi-State Regional Commission,17196600,IL,17,-91.07207,41.148955,-89.856613,41.782964,-90.5197255761552,41.52372504594578
237.7,1541792.0,Springfield Area Transportation Study,17196202,IL,17,-89.994514,39.522104,-89.217374,39.976736,-89.64343746256118,39.77243403067411
596.97,1541806.0,Tri-County Regional Planning Commission,17197600,IL,17,-89.989018,40.319212,-88.929331,40.975094,-89.56626920038826,40.68514072559431
219.4,1541820.0,Decatur Urbanized Area Transportation Study,17196403,IL,17,-89.217874,39.652678,-88.745057,40.055344,-88.94432767732269,39.8504602211105
142.52,1541834.0,McLean County Regional Planning Commission,17196700,IL,17,-89.269397,40.280919,-88.459207,40.757608,-88.96629041720873,40.48043146436311
133.69,1541848.0,Champaign County Regional Planning Commission,17196402,IL,17,-88.46366,39.879092,-87.92876,40.400612,-88.2450970613377,40.10813904517776
4095.73,1541862.0,The Chicago Metropolitan Agency for Planning,17196201,IL,17,-88.707378,41.10828,-87.019935,42.495637,-88.11886934336816,41.87820516855017
1192.95,2526593.0,State Planning Council,44197400,RI,44,-71.907258,41.095834,-70.752424,42.095699,-71.5361295174807,41.67262704502242
823.23,2526624.0,Southeastern Massachusetts MPO,25199800,MA,25,-71.50315,41.416729,-70.322522,42.375098,-71.02740791564087,41.79751696010347
443.99,2526652.0,Cape Cod MPO,25199000,MA,25,-70.758464,41.46411,-69.858861,42.134515,-70.29133877356074,41.72524835479107
2710.44,2526674.0,Herkimer-Oneida Counties Transportation Study,36197200,NY,36,-75.886756,42.824943,-74.695985,44.096959,-75.18133328484734,43.33742806601723
2204.49,2526688.0,Capital District Transportation Committee,36197300,NY,36,-74.306665,42.407127,-73.264957,43.398045,-73.80617478176292,42.83600149347889
1817.68,2526705.0,Adirondack/Glens Falls Transportation Council,36198204,NY,36,-74.214625,42.775377,-73.241391,43.808481,-73.64922078409302,43.43886982752363
944.73,2526720.0,Berkshire MPO,25197202,MA,25,-73.508142,42.039861,-72.948753,42.74594,-73.20643983389525,42.37068095351335
1177.69,2526740.0,Pioneer Valley MPO,25197601,MA,25,-73.075117,41.997595,-72.134928,42.555933,-72.64653212706303,42.23002797377634
958.87,2526761.0,Central Massachusetts MPO,25197602,MA,25,-72.315994,42.008065,-71.478028,42.721549,-71.89020990440459,42.23249852002225
683.47,2526780.0,Montachusett MPO,25198700,MA,25,-72.315994,42.008065,-71.020377,42.73667,-71.91763309207728,42.56802745138942
321.55,2526799.0,Nashua Regional Planning Commission,33197302,NH,33,-72.062374,42.696985,-71.245504,43.207263,-71.57734228430776,42.81205397953558
195.49,2526819.0,Northern Middlesex MPO,25197604,MA,25,-71.898716,42.156782,-71.020377,42.73667,-71.38441297782254,42.62656481661794
490.7,2526837.0,Southern New Hampshire Planning Commission,33197301,NH,33,-72.090028,42.696985,-70.575094,43.611313,-71.43774657816771,43.00917573240722
618.33,2526854.0,Chittenden County MPO,50198300,VT,50,-73.361455,44.161271,-72.803567,44.722866,-73.0809025715092,44.46087636524833
1457.89,2526868.0,Boston Region MPO,25197300,MA,25,-72.315994,41.565851,-70.322522,42.88679,-71.15594714231507,42.33255864037604
302.64,2526961.0,Old Colony MPO,25197201,MA,25,-71.50315,41.416729,-70.322522,42.375098,-70.84242989958662,41.97587794828029
282.85,2526979.0,Merrimack Valley MPO,25197603,MA,25,-71.256103,42.384098,-70.502143,42.88679,-71.02369946835196,42.74321563027139
386.37,2526997.0,Rockingham Planning Commission,33197200,NH,33,-71.45131,42.73759,-70.575094,43.274201,-71.02094946048639,42.94238059292096
4409.37,2422966.0,North Jersey Transportation Planning Authority,34198200,NJ,34,-75.203921,39.475198,-73.88506,41.357423,-74.49353002731495,40.59066497253802
837.37,2423143.0,Orange County Transportation Council,36198202,NY,36,-74.762623,41.142883,-73.947294,41.632738,-74.30553073119734,41.40213208511472
1159.0,2423191.0,Ulster County Transportation Council,36200300,NY,36,-74.780693,41.58061,-73.910675,42.176992,-74.25856827174894,41.88815904856577
2726.25,2423207.0,New York Metropolitan Transportation Council,36198201,NY,36,-74.25909,40.477399,-71.777491,41.527194,-73.40043496882839,40.95264787815531
216.14,2423243.0,South Western Regional Planning Agency,09198100,CT,09,-73.727775,40.950943,-72.999547,41.666723,-73.49822758680838,41.13020476165178
824.15,2423261.0,Poughkeepsie-Dutchess County Transportation Council,36198203,NY,36,-74.000115,41.438905,-73.487314,42.080906,-73.74285717357405,41.76515848976769
336.61,2423282.0,Housatonic Valley Council of Elected Officials,09197504,CT,09,-73.727775,40.950943,-72.88706,42.050587,-73.41500426038463,41.44809813603439
144.44,2423302.0,Greater Bridgeport Regional Council,09198201,CT,09,-73.727775,40.950943,-72.999547,41.666723,-73.23172881207675,41.24302638132586
58.44,2423322.0,Valley COG,09198202,CT,09,-73.727775,40.950943,-72.527901,41.666723,-73.11275865524308,41.33111415382754
313.91,2423338.0,Council of Governments of the Central Naugatuck Valley,09197502,CT,09,-73.51808,41.087108,-72.527901,42.050587,-73.09777951724074,41.53525445719149
166.22,2423358.0,Central Connecticut Regional Planning Agency,09197503,CT,09,-73.51808,41.467415,-72.407874,42.050587,-72.89806000704257,41.66436763329929
377.22,2423376.0,South Central Regional COG,09197401,CT,09,-73.327114,41.087108,-72.527901,41.644311,-72.84421805383663,41.3611735194111
759.84,2423421.0,Capital Region COG,09197501,CT,09,-73.029537,41.544697,-72.099229,42.038854,-72.61638636451164,41.83133326553031
444.17,2423441.0,Lower Connecticut River Valley MPO,09201499,CT,09,-72.752941,41.177774,-71.787658,41.714414,-72.5073213604522,41.45013700748015
577.25,2423459.0,Southeastern Connecticut COG,09197402,CT,09,-72.46673,41.215004,-71.787658,41.714414,-72.06567092357383,41.48664502123796
2337.75,2258102.0,Northeastern Pennsylvania Planning Alliance MPO,42201311,PA,42,-76.701624,40.495434,-74.689502,41.601874,-75.61608966156476,40.98568744441983
1369.76,2234874.0,Lackawanna-Luzerne Transportation Study,42196402,PA,42,-76.319957,40.901986,-75.440389,41.642263,-75.85997474136804,41.26537795160201
1110.42,2159982.0,Centre County MPO,42198201,PA,42,-78.376993,40.691557,-77.143804,41.252752,-77.81963046491801,40.91904409359879
698.05,2160182.0,Fredericksburg Area MPO,51199200,VA,51,-77.954819,37.990928,-77.286202,38.592499,-77.57616241330281,38.28039852287163
3110.8,2160199.0,National Capital Region Transportation Planning Board,11196500,DC,11,-77.961956,38.171328,-76.662514,39.720045,-77.29361734953088,39.04758706843792
2298.62,2160229.0,Baltimore Regional Transportation Board,24199200,MD,24,-77.311562,38.711099,-76.035766,39.721503,-76.67762960197052,39.38628881669559
78.25,2160264.0,Salisbury-Wicomico MPO,24200400,MD,24,-75.948454,38.21596,-74.984165,39.002697,-75.59446090366285,38.37428153863934
602.22,2160278.0,Dover / Kent County MPO,10199000,DE,10,-75.760074,38.451132,-74.984165,39.387555,-75.56729411647979,39.08505939750634
794.96,2160295.0,Wilmington Area Planning Council,10197100,DE,10,-76.233279,39.290281,-75.405414,39.839516,-75.78423058809932,39.57514335014195
463.01,2100982.0,Burlington-Graham MPO,37197300,NC,37,-80.046982,35.843385,-78.95079,36.257515,-79.39884389653456,36.04648308126622
197.94,2100997.0,Danville MPO,51198300,VA,51,-79.714855,36.540759,-79.092264,37.137454,-79.42593519128738,36.62318042236241
514.77,2101011.0,Durham-Chapel Hill-Carrboro MPO,37198001,NC,37,-79.555896,35.515085,-78.69793,36.243866,-78.95070280910795,36.00061010100966
353.21,2101027.0,Central Virginia MPO,51197900,VA,51,-79.858058,37.005876,-78.824209,37.814152,-79.18526353010974,37.39472515831328
1599.72,2101041.0,Capital Area MPO,37196400,NC,37,-79.223065,35.192181,-78.006554,36.542474,-78.5802435440224,35.7936489408605
197.54,2101056.0,Rocky Mount Urban Area MPO,37199202,NC,37,-78.256901,35.677321,-77.342462,36.202663,-77.81889864438485,35.95371405402255
217.33,2101070.0,Jacksonville Urban Area MPO,37198004,NC,37,-77.68056,34.399705,-77.096605,34.984419,-77.39819097396047,34.75415752450356
187.47,2101084.0,Greenville Urban Area MPO,37199201,NC,37,-77.700502,35.327988,-77.084716,35.83292,-77.38285169282041,35.56877147975131
154.12,2101098.0,New Bern Area MPO,37201300,NC,37,-77.473716,34.802755,-76.65292,35.418955,-77.06693363885594,35.06741029509545
313.19,2101112.0,Tri Cities Area MPO,51197403,VA,51,-77.900338,36.873752,-76.972439,37.562631,-77.41208822552459,37.24115198794465
1482.05,2101128.0,Richmond Area MPO,51197401,VA,51,-78.159278,36.992985,-76.741984,38.008283,-77.49588725918051,37.57318894565066
2082.14,2101154.0,Hampton Roads Transportation Planning Organization,51199100,VA,51,-76.930936,36.550344,-75.797497,37.603174,-76.47084032272899,36.88273475107667
124.31,2101183.0,Staunton-Augusta-Waynesboro MPO,51201200,VA,51,-79.533311,37.881587,-78.749354,38.477844,-79.00002497137226,38.09500513808937
105.84,2101197.0,Harrisonburg-Rockingham MPO,51200303,VA,51,-79.224341,38.206621,-78.486003,38.850102,-78.88614995568034,38.43344724380849
429.39,2101211.0,Cumberland Area MPO,24198200,MD,24,-79.067933,39.438273,-78.31332,39.723037,-78.69895224648039,39.62149588175765
195.2,2101226.0,Charlottesville-Albemarle MPO,51198200,VA,51,-78.839211,37.722657,-78.208092,38.277923,-78.48728288888094,38.05275027418974
102.85,2101241.0,Winchester-Frederick County MPO,51200302,VA,51,-78.54409,39.007884,-78.033191,39.466012,-78.14666549898605,39.16935886760906
1071.36,2101256.0,Hagerstown-Eastern Panhandle MPO,24198600,MD,24,-78.363484,39.132426,-77.454109,40.289885,-77.88151167879437,39.51585454711278
727.62,2101288.0,Cambria County MPO,42196503,PA,42,-79.417558,39.721578,-78.348389,40.72604,-78.71983630753559,40.48156226300371
526.49,2101305.0,Blair County Planning Commission,42196504,PA,42,-78.620383,40.242107,-78.116521,40.743017,-78.34862969978116,40.48126112327151
699.63,2101323.0,Franklin County MPO,42201313,PA,42,-78.099403,39.71987,-77.454109,40.289885,-77.72116992008016,39.9416357616492
3444.01,2207985.0,Susquehanna Economic Development Association Council of Governments,42201312,PA,42,-78.093381,40.263576,-76.207827,41.478576,-77.15968944194155,40.92306845735351
909.3,2190819.0,York Area MPO,42196404,PA,42,-77.137425,39.719799,-76.23869,40.226328,-76.72651887711636,39.91992846691705
520.64,2164823.0,Adams County Transportation Planning Organization,42201314,PA,42,-77.471085,39.719816,-76.954932,40.069945,-77.21794013069311,39.87150254549336
1699.24,2180984.0,Harrisburg Area Transportation Study,42196502,PA,42,-77.671761,39.944077,-76.151215,40.659595,-77.0894870331795,40.32539605345549
1242.04,2227135.0,Williamsport Area Transportation Study,42196800,PA,42,-77.599474,41.068708,-76.447597,41.596919,-77.06448697657945,41.34329781890323
982.74,2227290.0,Lancaster County Transportation Coordinating Committee,42196403,PA,42,-76.72162,39.721131,-75.873375,40.315971,-76.24773711250097,40.0423729501688
325.48,2227311.0,Lebanon County MPO,42200300,PA,42,-76.67804,40.195549,-76.151215,40.555157,-76.44632384062626,40.37823455252911
864.66,2227329.0,Reading Area Transportation Study,42196405,PA,42,-76.440181,40.137107,-75.529694,40.67727,-75.9260414663686,40.41638404181695
218.82,2564972.0,Kittery Area Comprehensive Transportation System,23198202,ME,23,-70.989122,42.917126,-70.22209,43.814278,-70.7859313554756,43.25954635184632
543.57,2533799.0,Strafford Regional Planning Commission,33198200,NH,33,-71.564615,42.73759,-70.575094,44.284783,-71.04610552142107,43.3070268184246
1277.7,0.0,Fayette-Raleigh Metropolitan Planning Organization,54201300,WV,54,-81.571534,37.507851,-80.748757,38.263514,-81.16087124115421,37.90622569450483
